Subzone,0_to_4,5_to_9,10_to_14,15_to_19,20_to_24,25_to_29,30_to_34,35_to_39,40_to_44,45_to_49,50_to_54,55_to_59,60_to_64,65_to_69,70_to_74,75_to_79,80_to_84,85_to_89,90_and_over,0_to_24,25_to_64,65_and_over,total_population
ANG MO KIO TOWN CENTRE,170,260,330,310,290,290,280,330,430,470,350,350,290,270,200,140,80,40,10,1360,2790,740,4890
CHENG SAN,1050,1000,1060,1210,1380,1810,2010,2220,2050,2220,2070,2160,2200,2150,1570,1020,580,310,150,5700,16740,5780,28220
CHONG BOON,840,880,1020,1150,1380,1600,1930,1820,1900,1840,1980,2150,2160,2080,1670,1190,740,400,200,5270,15380,6280,26930
KEBUN BAHRU,730,840,1020,1090,1170,1450,1400,1550,1700,1860,1820,1800,1750,1700,1300,900,590,330,140,4850,13330,4960,23140
SEMBAWANG HILLS,200,280,410,460,530,510,320,290,400,540,540,550,480,420,300,240,150,100,50,1880,3630,1260,6770
SHANGRI-LA,540,590,680,720,860,1030,1030,1010,1090,1170,1260,1420,1240,1140,910,670,400,240,120,3390,9250,3480,16120
TAGORE,220,320,430,490,570,690,490,360,450,600,590,700,710,520,330,220,190,100,60,2030,4590,1420,8040
TOWNSVILLE,750,910,930,830,930,1370,1370,1520,1700,1550,1400,1630,1680,1590,1310,960,610,330,180,4350,12220,4980,21550
YIO CHU KANG,0,0,0,0,0,0,0,0,0,0,0,0,0,0,0,0,0,0,0,0,0,0,0
YIO CHU KANG EAST,160,170,230,260,320,330,240,240,250,330,290,350,360,250,170,110,80,30,30,1140,2390,670,4200
YIO CHU KANG NORTH,0,0,0,0,0,0,0,0,0,0,0,0,0,0,0,0,0,0,0,0,0,0,0
YIO CHU KANG WEST,760,980,1270,1410,1490,1540,1440,1600,1790,1990,1870,1980,1940,1850,1200,710,420,230,100,5910,14150,4510,24570
BAYSHORE,320,470,490,420,350,330,310,580,800,860,640,480,400,350,260,130,90,40,60,2050,4400,930,7380
BEDOK NORTH,2790,3140,3560,4250,4880,5740,5120,5340,5810,6030,6400,7050,6520,5950,4400,2640,1640,940,480,18620,48010,16050,82680
BEDOK RESERVOIR,1130,1270,1490,1510,1530,1590,1880,1940,2120,2120,1930,1880,1840,1470,890,490,300,180,70,6930,15300,3400,25630
BEDOK SOUTH,1490,1820,2200,2440,2850,3300,2870,2830,3160,3540,3580,3850,3760,3380,2570,1680,1220,680,370,10800,26890,9900,47590
FRANKEL,1480,2050,2080,1720,1890,2050,1940,2490,2990,3130,2490,2270,2080,1940,1430,890,700,440,280,9220,19440,5680,34340
KAKI BUKIT,1210,1270,1650,2080,2690,3310,2760,2270,2320,2520,2630,3490,3460,2600,1700,870,550,230,170,8900,22760,6120,37780
KEMBANGAN,1440,1380,1570,1870,2120,2790,2730,2520,2400,2580,2740,3040,3280,2690,1950,1270,860,510,330,8380,22080,7610,38070
SIGLAP,160,240,260,350,350,420,330,340,470,510,460,490,490,430,460,330,240,110,60,1360,3510,1630,6500
BISHAN EAST,850,1180,1330,1400,1580,2460,2040,1800,1920,2210,1920,2260,2420,2100,1350,870,570,300,150,6340,17030,5340,28710
MARYMOUNT,1070,1390,1630,1720,2190,2590,1740,1850,2080,2290,2330,2590,2330,1700,1100,660,390,220,130,8000,17800,4200,30000
UPPER THOMSON,930,1280,1470,1620,1800,2040,1650,1640,1940,2360,2260,2370,2390,1930,1430,1010,710,450,240,7100,16650,5770,29520
LIU FANG,0,0,0,0,0,0,0,0,0,0,0,0,0,0,0,0,0,0,0,0,0,0,0
SAMULUN,0,0,0,0,0,0,0,0,0,0,0,0,0,0,0,0,0,0,0,0,0,0,0
SHIPYARD,0,0,0,0,0,0,0,0,0,0,0,0,0,0,0,0,0,0,0,0,0,0,0
TUKANG,0,0,0,0,0,0,0,0,0,0,0,0,0,0,0,0,0,0,0,0,0,0,0
BRICKWORKS,1830,850,670,570,490,2200,2500,1240,1140,1000,790,610,460,320,210,130,60,40,10,4410,9940,770,15120
BUKIT BATOK CENTRAL,1260,1270,1400,1530,1560,2040,2340,1930,1870,1990,2030,2060,2110,1660,1020,600,400,190,120,7020,16370,3990,27380
BUKIT BATOK EAST,330,360,600,630,840,970,850,830,840,970,1020,1220,1260,950,560,290,180,110,60,2760,7960,2150,12870
BUKIT BATOK SOUTH,720,700,760,900,1190,1170,1300,1110,930,1100,1200,1320,1210,720,370,170,110,60,30,4270,9340,1460,15070
BUKIT BATOK WEST,670,610,740,840,940,1020,1230,1070,1050,1070,1100,1230,1190,1000,550,300,190,130,70,3800,8960,2240,15000
GOMBAK,370,540,570,570,650,700,610,770,900,790,720,720,630,540,380,250,190,90,50,2700,5840,1500,10040
GUILIN,450,570,740,760,850,870,860,930,1000,1140,1150,1070,900,700,420,280,200,110,80,3370,7920,1790,13080
HILLVIEW,580,750,1050,1430,1590,1400,1030,1030,1260,1690,1910,1760,1360,1010,570,350,190,120,60,5400,11440,2300,19140
HONG KAH NORTH,920,990,1270,1570,1740,2140,1760,1690,1700,1930,2090,2460,2470,1660,940,560,300,170,80,6490,16240,3710,26440
ALEXANDRA HILL,380,450,590,680,810,920,840,760,790,940,1020,1160,1130,1080,840,560,410,250,170,2910,7560,3310,13780
ALEXANDRA NORTH,150,150,130,80,70,110,200,270,250,240,160,110,80,50,40,20,10,0,0,580,1420,120,2120
BUKIT HO SWEE,520,630,540,540,620,850,970,1040,970,1010,1010,1180,1310,1120,880,680,460,280,170,2850,8340,3590,14780
BUKIT MERAH,20,40,40,70,80,70,60,70,50,90,80,90,80,100,70,50,30,10,0,250,590,260,1100
CITY TERMINALS,0,0,0,0,0,0,0,0,0,0,0,0,0,0,0,0,0,0,0,0,0,0,0
DEPOT ROAD,370,390,360,290,300,290,500,550,680,580,430,380,370,350,290,190,110,60,20,1710,3780,1020,6510
EVERTON PARK,250,290,330,360,340,450,490,580,660,650,580,540,630,600,470,320,250,120,60,1570,4580,1820,7970
HENDERSON HILL,440,450,510,580,640,860,910,780,800,940,1040,1090,1080,980,810,640,450,260,120,2620,7500,3260,13380
KAMPONG TIONG BAHRU,230,250,370,370,460,560,490,480,580,690,740,750,850,810,610,470,340,160,100,1680,5140,2490,9310
MARITIME SQUARE,180,210,190,150,90,140,170,340,390,360,280,240,180,150,90,80,60,50,40,820,2100,470,3390
REDHILL,520,710,610,500,500,640,650,820,1100,920,770,750,610,490,390,270,240,110,130,2840,6260,1630,10730
SINGAPORE GENERAL HOSPITAL,0,0,0,0,0,0,0,0,0,0,0,0,0,0,0,0,0,0,0,0,0,0,0
TELOK BLANGAH DRIVE,1070,830,770,720,740,1190,1990,1670,1460,1360,1230,1220,1200,1180,980,700,460,220,120,4130,11320,3660,19110
TELOK BLANGAH RISE,340,410,440,520,620,760,660,770,900,930,830,940,1060,1120,910,590,350,170,80,2330,6850,3220,12400
TELOK BLANGAH WAY,270,400,400,360,430,510,470,570,740,790,710,780,810,730,570,430,300,170,120,1860,5380,2320,9560
TIONG BAHRU,760,670,540,450,440,730,1130,1190,1220,990,790,780,830,810,650,450,300,150,150,2860,7660,2510,13030
TIONG BAHRU STATION,600,770,820,710,710,1060,1020,1160,1240,1290,1120,1090,1050,800,710,540,420,210,110,3610,9030,2790,15430
BANGKIT,670,770,1030,1230,1660,1950,1440,1260,1380,1590,1870,2250,1940,1390,870,610,370,210,100,5360,13680,3550,22590
DAIRY FARM,290,370,450,500,460,490,450,440,560,610,530,530,420,290,190,90,50,40,20,2070,4030,680,6780
FAJAR,1660,1720,1640,1650,1770,2180,2450,2300,1960,2010,1930,2130,1780,1260,780,490,290,140,70,8440,16740,3030,28210
JELEBU,930,1190,1520,1990,2520,2710,2080,1770,1980,2460,2730,2900,2620,1770,1120,620,450,180,120,8150,19250,4260,31660
NATURE RESERVE,160,160,230,250,290,250,210,230,260,360,330,340,270,190,130,70,50,30,10,1090,2250,480,3820
SAUJANA,1690,1600,1550,1580,1730,1790,2390,2260,1860,1890,1710,1950,1800,1140,590,290,180,120,70,8150,15650,2390,26190
SENJA,1300,1420,1260,1300,1140,1190,1720,1970,1610,1690,1350,1310,1140,870,550,300,170,100,60,6420,11980,2050,20450
ANAK BUKIT,720,1110,1270,1290,1520,1730,1330,1240,1460,1720,1620,1680,1710,1410,950,650,460,250,130,5910,12490,3850,22250
CORONATION ROAD,310,470,470,450,350,360,310,430,560,610,450,400,330,330,270,200,130,70,50,2050,3450,1050,6550
FARRER COURT,320,510,390,400,290,350,350,510,560,620,450,400,330,310,230,170,140,80,30,1910,3570,960,6440
HILLCREST,400,720,630,610,550,410,400,580,780,850,760,620,540,380,380,270,190,120,50,2910,4940,1390,9240
HOLLAND ROAD,460,780,820,760,630,520,480,610,960,1110,840,690,560,490,370,270,180,110,70,3450,5770,1490,10710
LEEDON PARK,320,310,400,360,380,330,360,430,480,600,560,430,370,350,350,160,110,70,50,1770,3560,1090,6420
SWISS CLUB,240,300,350,310,310,330,270,350,380,440,410,340,320,290,190,150,120,70,50,1510,2840,870,5220
ULU PANDAN,390,620,670,630,660,680,560,550,830,940,840,780,730,700,580,310,230,120,70,2970,5910,2010,10890
CENTRAL WATER CATCHMENT,0,0,0,0,0,0,0,0,0,0,0,0,0,0,0,0,0,0,0,0,0,0,0
CHANGI AIRPORT,0,0,0,0,0,0,0,0,0,0,0,0,0,0,0,0,0,0,0,0,0,0,0
CHANGI POINT,0,0,20,30,20,20,20,20,30,50,60,60,70,40,20,20,0,0,0,70,330,80,480
CHANGI WEST,130,130,120,80,60,80,120,140,130,120,80,40,30,30,10,10,0,0,0,520,740,50,1310
CHANGI BAY,0,0,0,0,0,0,0,0,0,0,0,0,0,0,0,0,0,0,0,0,0,0,0
CHOA CHU KANG CENTRAL,880,1080,1360,1520,1870,1870,1330,1480,1660,1870,2090,1930,1410,940,560,360,230,110,60,6710,13640,2260,22610
CHOA CHU KANG NORTH,920,1190,1780,2700,3650,2770,1660,1630,1700,2570,3590,3060,2140,1330,720,460,310,190,70,10240,19120,3080,32440
KEAT HONG,3410,2380,1990,2100,2380,3520,4390,3200,2520,2380,2470,2160,1570,1070,620,330,250,160,60,12260,22210,2490,36960
PENG SIANG,1600,1610,1690,2060,2610,2760,2700,2410,2210,2350,2730,2800,2240,1660,930,460,310,180,110,9570,20200,3650,33420
TECK WHYE,770,810,1030,1440,2050,2340,1570,1370,1310,1750,2120,2440,2000,1510,940,630,380,170,90,6100,14900,3720,24720
YEW TEE,1400,2080,2560,2950,3420,2960,2390,2870,3290,3690,3710,3290,2710,1650,860,540,320,170,90,12410,24910,3630,40950
CLEMENTI CENTRAL,480,630,670,640,720,890,820,990,1090,1210,960,1020,990,1020,840,520,310,170,90,3140,7970,2950,14060
CLEMENTI NORTH,1470,1230,1150,1210,1280,1650,2320,2420,2240,2160,1940,1950,1930,2110,1730,1130,760,360,240,6340,16610,6330,29280
CLEMENTI WEST,540,630,780,800,820,890,840,1110,1280,1320,1200,1190,1240,1200,800,510,260,130,50,3570,9070,2950,15590
CLEMENTI WOODS,690,700,780,780,800,910,1060,1200,1130,1150,1150,1200,1030,1090,920,530,350,160,80,3750,8830,3130,15710
FABER,300,450,430,370,340,360,400,510,550,530,410,310,270,240,170,100,70,30,10,1890,3340,620,5850
PANDAN,0,0,0,0,0,0,0,0,0,0,0,0,0,0,0,0,0,0,0,0,0,0,0
SUNSET WAY,190,240,280,340,400,390,370,320,380,440,480,490,470,500,370,200,140,70,40,1450,3340,1320,6110
TOH TUCK,0,0,0,0,0,0,0,0,0,0,0,0,0,0,0,0,0,0,0,0,0,0,0
WEST COAST,290,430,520,410,340,340,270,440,610,650,500,380,320,300,240,140,80,40,10,1990,3510,810,6310
ANSON,0,0,0,0,0,0,0,0,0,0,0,0,0,0,0,0,0,0,0,0,0,0,0
BAYFRONT SUBZONE,0,0,0,0,0,0,0,0,0,0,0,0,0,0,0,0,0,0,0,0,0,0,0
BUGIS,20,40,10,40,50,50,70,90,70,90,70,60,60,70,60,30,20,10,20,160,560,210,930
CECIL,0,0,0,0,20,20,40,40,20,20,20,10,10,0,0,0,0,0,0,20,180,0,200
CENTRAL SUBZONE,40,30,30,30,20,50,70,100,100,110,70,50,40,20,20,0,0,0,0,150,590,40,780
CITY HALL,0,0,0,0,0,0,0,0,0,0,0,0,0,0,0,0,0,0,0,0,0,0,0
CLIFFORD PIER,0,0,0,0,0,0,0,0,0,0,0,0,0,0,0,0,0,0,0,0,0,0,0
MARINA CENTRE,0,0,0,0,0,0,0,0,0,0,0,0,0,0,0,0,0,0,0,0,0,0,0
MAXWELL,0,0,0,0,0,0,0,0,0,0,0,0,0,0,0,0,0,0,0,0,0,0,0
PHILLIP,0,0,0,0,0,0,0,0,0,0,0,0,0,0,0,0,0,0,0,0,0,0,0
RAFFLES PLACE,0,0,0,0,0,0,0,0,0,0,0,0,0,0,0,0,0,0,0,0,0,0,0
TANJONG PAGAR,20,20,10,0,20,50,90,80,70,50,40,40,30,20,20,0,0,0,30,70,450,70,590
ALJUNIED,1290,1550,1770,1750,1990,2840,2930,2980,3130,3230,2900,3180,3140,2550,1860,1270,910,550,370,8350,24330,7510,40190
GEYLANG EAST,1180,1350,1440,1460,1620,2070,2030,2240,2400,2320,2120,2170,2280,1950,1570,970,630,380,220,7050,17630,5720,30400
KALLANG WAY,0,0,0,0,0,0,0,0,0,0,0,0,0,0,0,0,0,0,0,0,0,0,0
KAMPONG UBI,400,470,550,630,800,1110,960,830,840,750,830,1100,1110,770,480,270,110,60,40,2850,7530,1730,12110
MACPHERSON,1090,950,1150,1360,1580,1960,1990,1740,1690,1920,2300,2450,2260,1800,1220,1000,730,400,230,6130,16310,5380,27820
DEFU INDUSTRIAL PARK,0,0,0,0,0,0,0,0,0,0,0,0,0,0,0,0,0,0,0,0,0,0,0
HOUGANG CENTRAL,130,140,220,290,350,450,310,260,270,350,400,430,410,300,180,120,70,50,30,1130,2880,750,4760
HOUGANG EAST,1440,1210,1030,1140,1610,2110,2420,2150,1700,1610,1710,2120,1800,1320,830,480,260,150,80,6430,15620,3120,25170
HOUGANG WEST,1250,1350,1730,2190,3160,4050,3260,2690,2630,3020,3530,4620,4380,3240,1960,1160,700,400,210,9680,28180,7670,45530
KANGKAR,1770,1610,1520,1660,1670,2110,2770,2600,2410,2440,2240,2300,2150,1760,1130,770,530,250,130,8230,19020,4570,31820
KOVAN,870,1140,1300,1520,1690,1910,1580,1540,1760,2050,1830,1960,1900,1440,1000,650,430,210,170,6520,14530,3900,24950
LORONG AH SOO,960,1130,1480,1780,1980,2280,2120,2100,2210,2500,2480,2660,2760,2250,1630,1060,720,380,170,7330,19110,6210,32650
LORONG HALUS,0,0,0,0,0,0,0,0,0,0,0,0,0,0,0,0,0,0,0,0,0,0,0
TAI SENG,450,590,700,790,1010,1000,860,820,860,1020,1100,1170,1170,950,610,470,330,190,120,3540,8000,2670,14210
TRAFALGAR,2070,2090,2450,2790,3300,3740,3380,3120,3400,3700,3970,4150,3630,2680,1610,920,560,310,150,12700,29090,6230,48020
INTERNATIONAL BUSINESS PARK,0,0,0,0,0,0,0,0,0,0,0,0,0,0,0,0,0,0,0,0,0,0,0
JURONG GATEWAY,20,20,30,20,30,40,50,40,50,50,30,20,20,20,0,0,0,0,0,120,300,20,440
JURONG PORT,0,0,0,0,0,0,0,0,0,0,0,0,0,0,0,0,0,0,0,0,0,0,0
JURONG RIVER,0,0,0,0,0,0,0,0,0,0,0,0,0,0,0,0,0,0,0,0,0,0,0
LAKESIDE,20,20,20,20,40,50,60,50,60,60,60,60,80,90,60,50,30,10,10,120,480,250,850
PENJURU CRESCENT,0,0,0,0,0,0,0,0,0,0,0,0,0,0,0,0,0,0,0,0,0,0,0
TEBAN GARDENS,830,880,880,990,1050,1170,1330,1400,1350,1330,1360,1390,1340,1440,1030,540,320,120,90,4630,10670,3540,18840
TOH GUAN,420,550,700,920,1050,1280,1010,950,940,1160,1120,1340,1360,940,470,250,150,100,30,3640,9160,1940,14740
YUHUA EAST,700,820,1070,1260,1470,1810,1690,1640,1690,1850,1830,1940,2200,1940,1340,760,460,280,150,5320,14650,4930,24900
YUHUA WEST,640,720,930,1120,1280,1440,1320,1130,1290,1470,1510,1610,1630,1420,860,500,320,180,90,4690,11400,3370,19460
BOON LAY PLACE,1670,1710,1630,1770,1830,2020,2370,2470,2180,2290,2240,2110,1720,1480,980,620,340,160,70,8610,17400,3650,29660
CHIN BEE,0,0,0,0,0,0,0,0,0,0,0,0,0,0,0,0,0,0,0,0,0,0,0
HONG KAH,1830,2240,2720,3150,3360,3900,3680,3780,3930,4200,4040,4120,4410,3720,2440,1350,710,350,170,13300,32060,8740,54100
JURONG WEST CENTRAL,2770,3780,4380,4030,3740,4390,4860,5760,6340,5690,4550,4210,4080,2920,1630,790,460,190,120,18700,39880,6110,64690
KIAN TECK,0,0,0,0,0,0,0,0,0,0,0,0,0,0,0,0,0,0,0,0,0,0,0
SAFTI,0,0,0,0,0,0,0,0,0,0,0,0,0,0,0,0,0,0,0,0,0,0,0
TAMAN JURONG,2090,2280,2250,2540,2670,2870,2930,3190,3090,3260,3180,2820,2430,1900,1150,720,360,230,90,11830,23770,4450,40050
WENYA,470,630,670,520,370,460,550,880,910,720,520,430,400,330,180,120,70,50,30,2660,4870,780,8310
YUNNAN,2260,2960,3780,4670,5730,5950,4130,4600,4950,5170,5900,5680,4700,3550,2060,1070,600,270,170,19400,41080,7720,68200
BENDEMEER,1840,1730,1420,1400,1540,2360,3160,3220,3000,2730,2340,2490,2650,2440,1780,1300,840,480,370,7930,21950,7210,37090
BOON KENG,470,440,410,520,560,780,870,870,780,890,900,920,960,850,640,480,300,210,100,2400,6970,2580,11950
CRAWFORD,260,230,290,290,370,450,430,400,530,580,690,880,870,790,670,500,360,200,110,1440,4830,2630,8900
GEYLANG BAHRU,320,360,500,580,660,690,670,690,810,970,970,1020,930,810,610,450,370,190,120,2420,6750,2550,11720
KALLANG BAHRU,0,0,0,0,0,0,0,0,0,0,0,0,0,0,0,0,0,0,0,0,0,0,0
KAMPONG BUGIS,30,20,20,40,50,110,70,60,60,50,40,80,100,70,70,20,10,0,0,160,570,170,900
KAMPONG JAVA,370,480,470,480,530,630,660,730,880,960,810,790,780,710,590,390,280,120,100,2330,6240,2190,10760
LAVENDER,340,390,440,430,440,610,620,670,730,810,700,800,700,650,510,330,230,110,80,2040,5640,1910,9590
TANJONG RHU,400,540,680,690,550,510,560,810,1080,1240,980,790,700,550,390,290,160,70,40,2860,6670,1500,11030
LIM CHU KANG,0,0,0,10,10,0,0,0,0,0,10,20,10,0,10,0,0,0,0,20,40,10,70
MANDAI EAST,0,0,0,0,0,0,0,0,0,0,0,0,0,0,0,0,0,0,0,0,0,0,0
MANDAI ESTATE,80,90,130,140,170,160,130,130,140,170,170,180,120,90,70,40,30,20,0,610,1200,250,2060
MANDAI WEST,0,0,0,0,0,0,0,0,0,0,0,0,0,0,0,0,0,0,0,0,0,0,0
MARINA EAST,0,0,0,0,0,0,0,0,0,0,0,0,0,0,0,0,0,0,0,0,0,0,0
MARINA SOUTH,0,0,0,0,0,0,0,0,0,0,0,0,0,0,0,0,0,0,0,0,0,0,0
EAST COAST,0,0,0,0,0,0,0,0,0,0,0,0,0,0,0,0,0,0,0,0,0,0,0
KATONG,410,500,470,520,510,550,490,720,850,860,730,670,580,500,400,220,200,120,90,2410,5450,1530,9390
MARINA EAST (MP),0,0,0,0,0,0,0,0,0,0,0,0,0,0,0,0,0,0,0,0,0,0,0
MARINE PARADE,1020,1390,1410,1310,1310,1320,1340,1760,2100,2360,2020,1890,1760,1560,1440,1180,910,480,290,6440,14550,5860,26850
MOUNTBATTEN,430,540,570,570,590,620,600,690,850,910,760,790,650,570,450,240,180,120,80,2700,5870,1640,10210
BRAS BASAH,0,0,0,0,0,0,0,0,0,0,0,0,0,0,0,0,0,0,0,0,0,0,0
DHOBY GHAUT,10,20,10,10,0,20,40,40,40,30,20,20,10,10,0,0,0,0,0,50,220,10,280
FORT CANNING,10,10,20,0,0,10,0,10,20,20,20,20,10,0,0,0,0,0,0,40,110,0,150
CAIRNHILL,210,270,200,160,180,200,260,300,370,410,310,270,210,190,150,80,60,40,20,1020,2330,540,3890
GOODWOOD PARK,80,110,90,60,50,70,60,100,120,120,90,70,60,40,40,20,0,0,10,390,690,110,1190
ISTANA NEGARA,0,0,0,0,0,0,0,0,0,0,0,0,0,0,0,0,0,0,0,0,0,0,0
MONK'S HILL,50,70,70,50,60,50,60,70,110,100,80,70,50,40,40,30,20,10,10,300,590,150,1040
NEWTON CIRCUS,10,20,10,10,10,0,20,20,20,20,20,20,0,10,10,0,0,0,0,60,120,20,200
ORANGE GROVE,60,80,100,70,70,80,90,100,150,170,160,140,130,110,90,40,20,20,0,380,1020,280,1680
NORTH-EASTERN ISLANDS,0,0,0,0,0,0,0,0,0,0,0,0,0,0,0,0,0,0,0,0,0,0,0
BALESTIER,1290,1490,1480,1440,1650,2100,2340,2470,2610,2790,2430,2340,2240,1900,1490,1140,780,470,310,7350,19320,6090,32760
DUNEARN,140,210,260,230,260,220,160,220,280,360,320,290,250,230,180,130,90,80,30,1100,2100,740,3940
MALCOLM,140,240,190,190,150,130,150,170,270,260,200,200,170,170,140,80,60,40,40,910,1550,530,2990
MOULMEIN,540,930,580,400,330,390,510,860,1100,950,600,480,370,330,250,160,120,70,40,2780,5260,970,9010
MOUNT PLEASANT,30,30,40,40,50,60,40,40,20,40,60,60,60,50,30,20,10,10,0,190,380,120,690
BOULEVARD,20,20,20,10,10,20,20,40,40,40,30,30,30,50,20,20,10,0,0,80,250,100,430
SOMERSET,10,0,0,0,10,0,10,20,20,10,20,0,10,0,0,0,0,0,0,20,90,0,110
TANGLIN,20,20,30,20,10,10,20,30,40,40,20,40,10,20,20,10,0,0,0,100,210,50,360
CHINA SQUARE,20,30,20,30,40,70,90,80,80,100,90,120,140,160,110,80,50,30,10,140,770,440,1350
CHINATOWN,480,630,500,330,370,590,670,970,1200,850,720,690,670,630,520,330,280,160,170,2310,6360,2090,10760
PEARL'S HILL,170,220,220,230,260,310,280,280,320,440,480,620,690,620,530,390,280,140,150,1100,3420,2110,6630
PEOPLE'S PARK,0,0,0,10,10,40,40,40,20,30,20,20,20,20,20,10,10,0,0,20,230,60,310
FLORA DRIVE,540,680,890,970,1040,1000,820,970,1330,1340,1260,1160,990,600,430,260,190,110,70,4120,8870,1660,14650
LOYANG EAST,50,50,120,150,180,180,110,110,140,160,190,220,180,150,80,50,20,10,10,550,1290,320,2160
LOYANG WEST,0,0,0,0,0,0,0,0,0,0,0,0,10,20,20,20,50,40,30,0,10,180,190
PASIR RIS CENTRAL,1810,1690,1630,1990,2560,2550,2570,2420,2220,2390,2730,2800,1960,1230,760,460,310,150,80,9680,19640,2990,32310
PASIR RIS DRIVE,1750,2080,2730,3740,5420,5590,3020,2840,3050,3600,5230,5630,4120,2820,1610,920,600,350,180,15720,33080,6480,55280
PASIR RIS PARK,500,560,500,500,430,360,550,780,890,760,610,450,230,180,100,60,20,10,20,2490,4630,390,7510
PASIR RIS WAFER FAB PARK,0,0,0,0,0,0,0,0,0,0,0,0,0,0,0,0,0,0,0,0,0,0,0
PASIR RIS WEST,1280,1610,2060,2740,3540,3050,1860,2110,2460,2910,3830,3230,2150,1350,790,510,340,190,100,11230,21600,3280,36110
AIRPORT ROAD,0,0,0,0,0,0,0,0,0,0,0,0,0,0,0,0,0,0,0,0,0,0,0
PAYA LEBAR EAST,0,0,0,0,0,0,0,0,0,0,0,0,0,0,0,0,0,0,0,0,0,0,0
PAYA LEBAR NORTH,0,0,0,0,0,0,0,0,0,0,0,0,0,0,0,0,0,0,0,0,0,0,0
PAYA LEBAR WEST,0,0,0,0,0,0,0,0,0,0,0,0,0,0,0,0,0,0,0,0,0,0,0
PLAB,0,0,0,0,0,0,0,0,0,0,0,0,0,0,0,0,0,0,0,0,0,0,0
BENOI SECTOR,0,0,0,0,0,0,0,0,0,0,0,0,0,0,0,0,0,0,0,0,0,0,0
GUL BASIN,0,0,0,0,0,0,0,0,0,0,0,0,0,0,0,0,0,0,0,0,0,0,0
GUL CIRCLE,0,0,0,0,0,0,0,0,0,0,0,0,0,0,0,0,0,0,0,0,0,0,0
JOO KOON,0,0,0,0,0,0,0,0,0,0,0,0,0,0,0,0,0,0,0,0,0,0,0
PIONEER SECTOR,0,0,0,0,0,0,0,0,0,0,0,0,0,0,0,0,0,0,0,0,0,0,0
CONEY ISLAND,0,0,0,0,0,0,0,0,0,0,0,0,0,0,0,0,0,0,0,0,0,0,0
MATILDA,5690,4710,2830,2140,1700,2810,6040,7320,4770,3500,2430,2050,1680,1450,950,530,290,130,70,17070,30600,3420,51090
NORTHSHORE,0,10,20,20,30,30,20,10,20,20,30,30,30,20,10,0,0,10,0,80,190,40,310
PUNGGOL CANAL,0,0,0,0,0,0,0,0,0,0,0,0,0,0,0,0,0,0,0,0,0,0,0
PUNGGOL FIELD,2670,3510,3930,3250,2580,2490,2940,4310,5240,4850,3270,2910,2390,1810,1220,690,440,200,120,15940,28400,4480,48820
PUNGGOL TOWN CENTRE,2770,1920,1060,720,570,1110,3190,3130,1860,1260,880,710,560,470,340,170,100,60,20,7040,12700,1160,20900
WATERWAY EAST,5750,4580,3010,2080,1530,2440,6450,7000,4790,3320,2260,1860,1500,1360,890,490,280,140,70,16950,29620,3230,49800
COMMONWEALTH,190,210,280,270,320,410,430,460,470,620,570,620,550,460,410,370,300,180,100,1270,4130,1820,7220
DOVER,370,560,660,610,650,660,540,710,920,950,890,810,720,620,590,370,310,130,70,2850,6200,2090,11140
GHIM MOH,850,590,540,520,620,830,1370,1070,890,920,810,820,830,820,850,630,450,250,130,3120,7540,3130,13790
HOLLAND DRIVE,400,350,400,490,550,810,800,790,930,1090,990,930,900,880,870,750,560,250,160,2190,7240,3470,12900
KENT RIDGE,0,0,0,0,0,0,0,0,0,0,0,0,0,0,0,0,0,0,0,0,0,0,0
MARGARET DRIVE,1190,1140,740,580,550,780,1440,1900,1470,1060,840,790,710,740,540,400,330,180,110,4200,8990,2300,15490
MEI CHIN,450,560,740,810,970,1080,930,900,1030,1190,1300,1340,1200,950,700,560,480,290,140,3530,8970,3120,15620
NATIONAL UNIVERSITY OF S'PORE,10,20,10,0,150,30,20,20,20,20,20,20,0,0,0,0,0,0,0,190,150,0,340
ONE NORTH,40,70,50,30,20,30,50,90,80,100,80,40,10,20,10,0,0,0,0,210,480,30,720
PASIR PANJANG 1,170,190,240,250,270,340,300,370,400,410,340,300,290,220,160,90,50,40,0,1120,2750,560,4430
PASIR PANJANG 2,100,120,140,160,210,230,180,180,230,200,230,230,260,270,140,70,40,0,10,730,1740,530,3000
PORT,0,0,0,0,0,10,10,0,0,0,0,10,10,0,10,0,0,0,0,0,40,10,50
QUEENSWAY,0,0,10,0,20,20,20,30,20,40,30,30,20,20,20,10,0,0,0,30,210,50,290
SINGAPORE POLYTECHNIC,0,0,10,0,10,0,10,10,20,20,10,10,0,0,0,0,0,0,0,20,80,0,100
TANGLIN HALT,430,430,420,420,450,670,760,810,890,920,820,860,770,720,680,500,430,270,130,2150,6500,2730,11380
INSTITUTION HILL,220,250,200,140,130,170,230,380,420,350,240,170,140,160,110,50,30,20,10,940,2100,380,3420
LEONIE HILL,110,160,160,180,140,180,180,260,300,390,270,200,170,120,100,40,20,20,10,750,1950,310,3010
ONE TREE HILL,90,110,100,110,110,110,100,140,160,190,200,170,150,110,90,50,50,20,20,520,1220,340,2080
OXLEY,60,60,70,70,50,90,100,100,140,140,110,100,80,90,80,50,30,10,20,310,860,280,1450
PATERSON,10,20,20,10,10,0,20,20,20,30,20,20,20,0,0,0,0,0,0,70,150,0,220
BENCOOLEN,30,50,30,40,50,50,90,70,90,90,110,120,110,100,70,30,40,20,10,200,730,270,1200
FARRER PARK,70,90,140,120,110,140,170,210,250,240,210,180,220,190,140,70,50,30,30,530,1620,510,2660
KAMPONG GLAM,0,0,0,0,0,0,20,10,10,10,0,0,0,10,0,0,0,10,20,0,50,40,90
LITTLE INDIA,70,90,120,160,160,220,200,200,250,250,250,260,280,270,200,150,90,50,50,600,1910,810,3320
MACKENZIE,0,10,0,10,0,10,0,20,20,20,0,0,0,0,0,0,0,0,0,20,70,0,90
MOUNT EMILY,70,80,80,50,40,90,160,220,210,160,90,60,70,40,20,10,10,0,10,320,1060,90,1470
ROCHOR CANAL,0,0,0,0,0,0,0,0,0,0,0,0,0,0,0,0,0,0,0,0,0,0,0
SELEGIE,0,0,10,10,20,20,10,20,30,0,20,20,10,20,10,0,0,0,0,40,130,30,200
SUNGEI ROAD,70,90,80,100,120,120,110,100,120,150,130,150,150,170,130,120,70,30,0,460,1030,520,2010
VICTORIA,40,40,40,40,90,100,130,120,140,130,130,170,170,150,130,90,60,20,30,250,1090,480,1820
PULAU PUNGGOL BARAT,0,0,0,0,0,0,0,0,0,0,0,0,0,0,0,0,0,0,0,0,0,0,0
PULAU PUNGGOL TIMOR,0,0,0,0,0,0,0,0,0,0,0,0,0,0,0,0,0,0,0,0,0,0,0
SELETAR,10,20,20,20,20,0,0,10,20,50,30,20,20,20,0,0,0,0,0,90,150,20,260
SELETAR AEROSPACE PARK,0,0,0,0,0,0,0,0,0,0,0,0,0,0,0,0,0,0,0,0,0,0,0
ADMIRALTY,800,920,980,910,760,840,1090,1230,1300,1230,1000,940,750,520,340,250,140,80,30,4370,8380,1360,14110
SEMBAWANG CENTRAL,1750,1940,2140,2260,2120,2600,2620,2790,2970,3060,2570,2430,1990,1250,670,440,310,170,90,10210,21030,2930,34170
SEMBAWANG EAST,1300,570,580,550,600,1550,1740,980,840,770,710,540,350,270,150,110,50,40,0,3600,7480,620,11700
SEMBAWANG NORTH,1210,1620,1820,1830,1520,1530,1690,2280,2350,2360,1930,1810,1520,1050,590,370,200,110,40,8000,15470,2360,25830
SEMBAWANG SPRINGS,470,530,630,560,430,540,800,780,830,760,600,440,290,270,180,150,110,80,70,2620,5040,860,8520
SEMBAWANG STRAITS,70,110,100,130,140,140,70,80,130,160,150,150,110,60,60,40,30,10,0,550,990,200,1740
SENOKO NORTH,0,0,0,0,0,0,0,0,0,0,0,0,0,0,0,0,0,0,0,0,0,0,0
SENOKO SOUTH,0,0,0,0,0,0,0,0,0,0,0,0,0,0,0,0,0,0,0,0,0,0,0
THE WHARVES,0,0,0,0,0,0,0,0,0,0,0,0,0,0,0,0,0,0,0,0,0,0,0
ANCHORVALE,3980,3670,3200,2510,1890,2540,4940,5050,4410,3880,2490,2330,2100,1550,1010,570,270,130,90,15250,27740,3620,46610
COMPASSVALE,1920,1850,1400,840,650,1020,2240,2860,2530,1470,970,880,860,700,500,290,160,70,30,6660,12830,1750,21240
FERNVALE,5160,4950,3480,2570,2100,2590,5730,6980,5360,3970,3000,2590,2150,1740,1210,750,430,280,160,18260,32370,4570,55200
LORONG HALUS NORTH,0,0,0,0,0,0,0,0,0,0,0,0,0,0,0,0,0,0,0,0,0,0,0
RIVERVALE,2680,3210,3710,4020,4180,4040,4110,4410,4760,5200,4610,4700,4140,2810,1720,920,530,280,170,17800,35970,6430,60200
SENGKANG TOWN CENTRE,3630,3580,3570,3680,3900,4250,5440,5520,4880,4890,4470,4230,3740,2490,1470,880,560,290,190,18360,37420,5880,61660
SENGKANG WEST,0,0,0,0,0,0,0,0,0,0,0,0,0,0,0,0,0,0,0,0,0,0,0
LORONG CHUAN,290,370,480,580,640,650,460,450,550,680,700,720,630,430,290,190,180,80,70,2360,4840,1240,8440
SELETAR HILLS,460,600,740,880,1090,1130,790,700,880,1050,1060,1180,1120,950,650,440,280,150,90,3770,7910,2560,14240
SERANGOON CENTRAL,700,790,950,1230,1370,2080,1920,1560,1460,1840,1700,2120,2390,1870,1310,730,510,270,140,5040,15070,4830,24940
SERANGOON GARDEN,1010,1240,1590,1910,2350,2670,2260,2000,2270,2580,2620,2940,3260,2860,1950,1230,890,530,320,8100,20600,7780,36480
SERANGOON NORTH,520,630,850,1010,1350,1410,960,1000,970,1160,1420,1450,1320,950,520,290,190,120,30,4360,9690,2100,16150
SERANGOON NORTH IND ESTATE,0,0,0,0,0,0,0,0,0,0,0,0,0,0,0,0,0,0,0,0,0,0,0
UPPER PAYA LEBAR,540,720,710,780,970,1460,1240,1030,1090,1080,1140,1280,1360,1070,760,460,300,170,80,3720,9680,2840,16240
PULAU SELETAR,0,0,0,0,0,0,0,0,0,0,0,0,0,0,0,0,0,0,0,0,0,0,0
SIMPANG NORTH,0,0,0,0,0,0,0,0,0,0,0,0,0,0,0,0,0,0,0,0,0,0,0
SIMPANG SOUTH,0,0,0,0,0,0,0,0,0,0,0,0,0,0,0,0,0,0,0,0,0,0,0
TANJONG IRAU,0,0,0,0,0,0,0,0,0,0,0,0,0,0,0,0,0,0,0,0,0,0,0
BOAT QUAY,0,0,0,0,0,0,0,10,0,10,10,10,10,0,10,10,0,0,0,0,50,20,70
CLARKE QUAY,0,0,0,0,0,0,10,10,10,10,0,10,0,0,0,0,0,0,10,0,50,10,60
ROBERTSON QUAY,220,200,160,110,80,110,170,320,400,340,200,160,120,80,70,30,20,10,10,770,1820,220,2810
SENTOSA,120,110,110,90,90,70,80,160,190,250,190,180,110,70,40,20,0,0,0,520,1230,130,1880
SOUTHERN GROUP,0,0,0,0,0,0,0,0,0,0,0,0,0,0,0,0,0,0,0,0,0,0,0
STRAITS VIEW,0,0,0,0,0,0,0,0,0,0,0,0,0,0,0,0,0,0,0,0,0,0,0
GALI BATU,0,0,0,0,0,0,0,0,0,0,0,0,0,0,0,0,0,0,0,0,0,0,0
KRANJI,0,0,0,0,0,0,0,0,0,0,0,0,0,0,0,0,0,0,0,0,0,0,0
PANG SUA,0,0,0,0,0,0,0,0,0,0,0,0,0,0,0,0,0,0,0,0,0,0,0
RESERVOIR VIEW,0,0,0,0,0,0,0,0,0,0,0,0,0,0,0,0,0,0,0,0,0,0,0
TURF CLUB,20,40,20,40,50,60,40,40,40,50,50,50,50,40,40,30,30,10,0,170,380,150,700
SIMEI,1490,1740,2000,2240,2800,3350,2480,2780,2950,3080,3010,3520,3130,2350,1420,780,530,310,200,10270,24300,5590,40160
TAMPINES EAST,5700,5480,6060,7170,9850,11210,9570,9080,8150,8670,10350,11590,11160,8120,4800,2680,1760,970,530,34260,79780,18860,132900
TAMPINES NORTH,300,150,90,70,90,330,420,220,130,100,140,70,90,80,50,30,40,40,10,700,1500,250,2450
TAMPINES WEST,3800,3740,3840,4400,5660,6410,6150,5780,5340,5450,5780,6580,6380,4600,2680,1450,940,520,280,21440,47870,10470,79780
XILIN,30,70,70,120,170,160,100,70,80,120,160,220,170,80,60,20,20,10,0,460,1080,190,1730
CHATSWORTH,360,430,410,290,250,300,430,610,770,720,550,410,330,310,240,160,90,60,30,1740,4120,890,6750
NASSIM,520,830,620,540,460,440,480,720,920,910,740,630,550,490,350,200,120,80,70,2970,5390,1310,9670
RIDOUT,70,90,70,70,70,80,100,90,120,110,120,110,100,90,80,40,40,20,20,370,830,290,1490
TYERSALL,160,230,230,200,210,230,210,230,290,350,330,310,230,210,160,100,70,30,20,1030,2180,590,3800
TENGAH,0,0,0,0,0,0,0,0,0,0,0,0,0,0,0,0,0,0,0,0,0,0,0
BIDADARI,0,0,0,0,0,0,0,0,0,0,0,0,0,0,0,0,0,0,0,0,0,0,0
BOON TECK,510,500,570,720,760,1000,890,780,790,1000,1040,1220,1170,920,810,640,480,290,170,3060,7890,3310,14260
BRADDELL,360,420,470,460,580,690,590,630,670,760,760,760,730,660,490,380,280,150,110,2290,5590,2070,9950
JOO SENG,370,400,440,340,410,560,690,610,650,660,560,570,580,480,350,250,190,110,50,1960,4880,1430,8270
KIM KEAT,210,290,300,340,470,660,470,460,510,620,580,690,740,570,450,320,220,100,60,1610,4730,1720,8060
LORONG 8 TOA PAYOH,170,200,260,330,440,490,380,410,490,560,550,650,600,580,420,400,270,150,80,1400,4130,1900,7430
PEI CHUN,290,370,480,550,570,600,520,600,760,910,920,860,830,670,570,490,340,150,90,2260,6000,2310,10570
POTONG PASIR,370,470,450,550,510,740,800,830,880,900,860,870,1000,970,660,420,220,130,50,2350,6880,2450,11680
SENNETT,210,240,280,290,310,390,400,390,400,400,330,370,390,340,260,180,120,100,80,1330,3070,1080,5480
TOA PAYOH CENTRAL,1120,1520,1340,1350,1540,1810,1670,2200,2410,2370,2130,2070,1880,1500,1200,980,710,370,200,6870,16540,4960,28370
TOA PAYOH WEST,560,480,510,570,650,940,1130,960,1050,1100,1030,1110,1080,970,840,660,520,270,140,2770,8400,3400,14570
WOODLEIGH,100,140,170,150,150,190,130,200,200,220,180,170,160,130,80,30,10,10,0,710,1450,260,2420
TENGEH,0,0,0,0,0,0,0,0,0,0,0,0,0,0,0,0,0,0,0,0,0,0,0
TUAS BAY,0,0,0,0,0,0,0,0,0,0,0,0,0,0,0,0,0,0,0,0,0,0,0
TUAS NORTH,0,0,0,0,0,0,0,0,0,0,0,0,0,0,0,0,0,0,0,0,0,0,0
TUAS PROMENADE,0,0,0,0,0,0,0,0,0,0,0,0,0,0,0,0,0,0,0,0,0,0,0
TUAS VIEW,0,0,0,0,0,0,0,0,0,0,0,0,0,0,0,0,0,0,0,0,0,0,0
TUAS VIEW EXTENSION,0,0,0,0,0,0,0,0,0,0,0,0,0,0,0,0,0,0,0,0,0,0,0
JURONG ISLAND AND BUKOM,0,0,0,0,0,0,0,0,0,0,0,0,0,0,0,0,0,0,0,0,0,0,0
SEMAKAU,0,0,0,0,0,0,0,0,0,0,0,0,0,0,0,0,0,0,0,0,0,0,0
SUDONG,0,0,0,0,0,0,0,0,0,0,0,0,0,0,0,0,0,0,0,0,0,0,0
WESTERN WATER CATCHMENT,40,40,30,30,140,40,40,70,70,40,40,60,30,10,0,0,0,0,0,280,390,10,680
GREENWOOD PARK,0,0,0,0,0,0,0,0,0,0,0,0,0,0,0,0,0,0,0,0,0,0,0
MIDVIEW,1650,1650,1940,2770,3530,3070,2530,2290,2100,2740,3410,2840,1990,1280,710,480,290,150,100,11540,20970,3010,35520
NORTH COAST,310,360,500,730,1000,1040,690,680,720,870,1140,1190,1010,820,610,370,230,110,40,2900,7340,2180,12420
SENOKO WEST,0,0,0,0,0,0,0,0,0,0,0,0,0,0,0,0,0,0,0,0,0,0,0
WOODGROVE,1040,1370,1810,2510,3460,3050,2030,2010,2270,2750,3450,2860,2310,1430,820,460,330,170,110,10190,20730,3320,34240
WOODLANDS EAST,5010,5400,6160,7260,7860,7540,7330,7330,7680,8630,8140,7310,5380,3400,1930,1090,650,350,170,31690,59340,7590,98620
WOODLANDS REGIONAL CENTRE,0,0,0,0,0,0,0,0,0,0,0,0,0,0,0,0,0,0,0,0,0,0,0
WOODLANDS SOUTH,2190,2730,2950,3100,2910,2600,2950,3610,3560,3620,3100,2510,1940,1460,870,470,280,140,40,13880,23890,3260,41030
WOODLANDS WEST,1410,1320,1520,1910,2640,2920,2350,2010,1950,2280,2800,2960,2600,1790,1180,740,470,230,90,8800,19870,4500,33170
KHATIB,340,310,420,500,670,970,770,620,590,700,790,1100,970,770,430,250,140,80,30,2240,6510,1700,10450
LOWER SELETAR,2180,1540,1080,920,720,1400,2600,2100,1350,1210,820,680,470,340,230,100,110,20,20,6440,10630,820,17890
NEE SOON,30,50,60,50,50,60,60,50,60,100,70,100,60,50,40,40,10,0,0,240,560,140,940
NORTHLAND,990,1090,1410,1640,1960,2410,1940,1900,1950,2070,2260,2690,2390,1710,1000,570,350,160,90,7090,17610,3880,28580
SPRINGLEAF,130,180,230,290,340,390,250,190,260,330,300,370,330,280,230,100,70,30,20,1170,2420,730,4320
YISHUN CENTRAL,60,90,100,90,130,180,150,150,160,140,150,200,150,130,60,50,20,0,10,470,1280,270,2020
YISHUN EAST,4620,4300,3120,3020,3270,4120,5820,6290,4650,3950,3870,4050,3270,2410,1400,740,450,230,110,18330,36020,5340,59690
YISHUN SOUTH,1870,1640,1970,2140,2580,3920,3450,2890,2800,3000,3090,3730,3180,2400,1520,910,530,280,160,10200,26060,5800,42060
YISHUN WEST,1890,2070,2620,3000,3440,3970,3610,3750,3960,4280,4530,4870,4490,3420,2080,1360,840,430,250,13020,33460,8380,54860
